USE SAKILA;
create table Order1(
ORDER_ID INT,
ORDER_DEATAIL VARCHAR(20),
/*ORDER_DATE DATETIME,*/
PRODUCT_ID INT,
PRIMARY KEY(ORDER_ID),
foreign key(PRODUCT_ID) references PRODUCT1(PRODUCT_ID)
);
CREATE TABLE PRODUCT1(
PRODUCT_ID INT,
PRODUCT_NAME VARCHAR(20),
/*SHIP_DATE datetime,*/
PRIMARY KEY(PRODUCT_ID)
);
DROP TABLE ORDER1;
DROP TABLE PRODUCT1;
SELECT * FROM ORDER1;


SELECT * FROM PRODUCT1;
insert into product1 values(1,'mobile');
insert into product1 values(2,'laptop');
insert into order1 values(101,'mobile',1);
insert into order1 values(102,'mobile',2);



CREATE TABLE DEPARTMENTS(DEPTID INT PRIMARY KEY,
DEPTNAME VARCHAR(50) NOT NULL
);
INSERT INTO DEPARTMENTS(DEPTID,DEPTNAME) VALUES(1,'HUMAN RESOURCES'),(2,'FINANCE'),
(3,'ENGINEERING'),(4,'MATHS');
SELECT * FROM DEPARTMENTS;

CREATE TABLE EMPLOYEE1(
EMPID INT PRIMARY KEY,
EMPNAME VARCHAR(50) NOT NULL,
DEPTID INT, 
FOREIGN KEY (DEPTID) references DEPARTMENTS(DEPTID)
);
INSERT INTO EMPLOYEE1(EMPID,EMPNAME,DEPTID)
VALUES
(101,'SARTHAK',1),
(102,'AMRITA',2),
(103,'PRACHI',3),
(104,'SHWETA',3),
(105,'ARVIND',4),
(106,'RISHAB',NULL);
SELECT * FROM EMPLOYEE1;

CREATE TABLE DEPARTMENTS1(
DEPTID INT PRIMARY KEY,
DEPTNAME VARCHAR(50) NOT NULL,
HEAD VARCHAR(50),
LOCATION VARCHAR(50)
);
INSERT INTO DEPARTMENTS1(DEPTID,DEPTNAME,HEAD,LOCATION)
VALUES(101,'HR','EMMA','NEW YORK'),
(102,'IT','LIAM','SAN FRANSICO'),
(103,'MARKETING','OLIVIA','CHICAGO'),
(104,'FINANCE','NOAH','LOS ANGELS');

SELECT * FROM DEPARTMENTS1;

CREATE TABLE EMPLOYEE2(
EMPID INT PRIMARY KEY,
EMPNAME VARCHAR(50) NOT NULL,
DEPTID INT NULL, 
SALARY DECIMAL(10,2),
JOINGDATE date,
LOCATION VARCHAR(50),
FOREIGN KEY (DEPTID) references DEPARTMENTS1(DEPTID));

INSERT INTO EMPLOYEE2(EMPID,EMPNAME,DEPTID,SALARY,JOINGDATE,LOCATION)
VALUES
(1,'ALICE',101,60000,'2020-01-15','NEW YORK'),
(2,'BOB',102,50000,'2019-03-10','SAN FRANCISCO'),
(3,'CHARLIE',103,45000,'2021-06-20','CHICAGO'),
(4,'DAVID',NULL,70000,'2018-09-05','LOS ANGELS'),
(5,'EVA',103,40000,'2022-02-14','NEW YORK'),
(6,'FRANK',102,55000,'2020-11-30','SAN FRANSISCO');

SELECT * FROM EMPLOYEE2;
/* LIST ALL  EMPLOYEES ALONG WITH THEIR DEPARTMENT NAMES */

SELECT E.EMPID,E.EMPNAME,D.DEPTNAME             /* USED ALIAS FOR ASSIGN WITH TABLE COLUMN */
FROM EMPLOYEE2 E 
INNER JOIN DEPARTMENTS1 D ON E.DEPTID=D.DEPTID;

/*list all dept and their emploYEES ,INCLUDING DEPATMENT WITHOUT EMPLOYEES */
SELECT E.EMPNAME,D.DEPTNAME,E.EMPID FROM EMPLOYEE2 E
LEFT JOIN DEPARTMENTS1 D ON E.DEPTID=D.DEPTID;

/*LIST ALL DEPT AND THEIR EMPLOYEES ,INCLUDING DEPTS WITHOUT EMPLOYEES */

SELECT E.EMPNAME,D.DEPTNAME FROM EMPLOYEE2 E
RIGHT JOIN DEPARTMENTS1 D ON E.DEPTID=D.DEPTID;

/*COMBINE TWO TABLES */
SELECT E.EMPNAME,D.DEPTNAME FROM EMPLOYEE2 E
FULL OUTER JOIN DEPARTMENTS1 D ON E.DEPTID=D.DEPTID;     /* FULL OUTER JOIN IS NOT WORKING IN MYSQL ITS WORKING ON SQL N ORACLE*/

/*UNION OR UNION ALL */

SELECT DEPTID,DEPTNAME FROM DEPARTMENTS1 
union
SELECT EMPID,EMPNAME FROM EMPLOYEE2;  /* UNION WORKS N SHOWS ONLY UNIQUE DATA*/

SELECT DEPTID,DEPTNAME FROM DEPARTMENTS1 
union ALL
SELECT EMPID,EMPNAME FROM EMPLOYEE2;     /*UNION ALL WORKS WITH ALL RECORDS IT GIVES DUPLICATE VALUE TOO*/


SELECT E.EMPNAME,D.DEPTNAME FROM EMPLOYEE2 E
INNER JOIN
DEPARTMENTS1  D ON E.DEPTID=D.DEPTID WHERE
D.LOCATION='SAN FRANSICO';

SELECT E.EMPNAME FROM EMPLOYEE2 E
INNER JOIN
DEPARTMENTS1  D ON E.DEPTID=D.DEPTID WHERE
D.DEPTNAME !='HR';

SELECT E.EMPNAME,D.DEPTNAME FROM EMPLOYEE2 E
INNER JOIN
DEPARTMENTS1  D ON E.DEPTID=D.DEPTID WHERE
D.LOCATION='NEW YORK' AND D.DEPTID=101;

SELECT * FROM DEPARTMENTS1;

SELECT E.EMPNAME,D.DEPTNAME FROM EMPLOYEE2 E
INNER JOIN
DEPARTMENTS1  D ON E.DEPTID=D.DEPTID WHERE
D.LOCATION='NEW YORK' OR D.DEPTID=101;


SELECT E.EMPNAME,E.JOINGDATE,D.DEPTNAME
FROM EMPLOYEE2 E
LEFT JOIN DEPARTMENTS1 D ON E.DEPTID=D.DEPTID
WHERE E.JOINGDATE<'2020-01-01';
SELECT * FROM EMPLOYEE2;


SELECT E.EMPNAME,E.JOINGDATE,D.DEPTNAME
FROM EMPLOYEE2 E
LEFT JOIN DEPARTMENTS1 D ON E.DEPTID=D.DEPTID
WHERE E.JOINGDATE between '2018-01-01 ' AND '2019-01-01';

use sakila;


SELECT E.EMPNAME,E.JOINGDATE,D.DEPTNAME
FROM EMPLOYEE2 E
LEFT JOIN DEPARTMENTS1 D ON E.DEPTID=D.DEPTID
WHERE YEAR(E.JOINGDATE) between 2018 AND 2019;

select d.deptname,sum(e.salary) as totalsalary FROM EMPLOYEE2 E
INNER JOIN DEPARTMENTS1 D ON E.DEPTID=D.DEPTID
GROUP BY D.DEPTNAME;

/*AVERAGE SALARY */
select d.deptname,AVG(e.salary) as totalsalary FROM EMPLOYEE2 E
LEFT JOIN DEPARTMENTS1 D ON E.DEPTID=D.DEPTID
GROUP BY D.DEPTNAME;

/* COUNT */
 SELECT D.DEPTNAME,count(E.EMPID) AS COUNTEMPLOYEE FROM DEPARTMENTS1 D
LEFT JOIN EMPLOYEE2 E ON E.DEPTID=D.DEPTID GROUP BY D.DEPTNAME ;

SELECT * FROM EMPLOYEE2;

/*AVG SALARY */

SELECT E.LOCATION,AVG(E.SALARY) AS AVGSALARY FROM EMPLOYEE2 E
LEFT JOIN DEPARTMENTS1 D ON E.DEPTID=D.DEPTID  GROUP BY E.LOCATION ;

SELECT * FROM DEPARTMENTS1;

/*  FIND PAIRS OF EMPLOYEE IN THE SAME DEPT WHEREONE EARNS MORE THAN THE OTHER */

SELECT E1.EMPNAME AS EMPLOYEE1, E2.EMPNAME AS EMPLOYEE2 ,E1.SALARY,E2.SALARY FROM EMPLOYEE2 E1
INNER JOIN EMPLOYEE2 E2 ON E1.DEPTID=E2.DEPTID WHERE
E1.SALARY>E2.SALARY;

SELECT E1.EMPNAME AS EMPLOYEE1, E2.EMPNAME AS EMPLOYEE2 ,E1.LOCATION,E2.LOCATION FROM EMPLOYEE2 E1
INNER JOIN EMPLOYEE2 E2 ON E1.DEPTID=E2.DEPTID WHERE
E1.LOCATION= E2.LOCATION;
 
SELECT * FROM EMPLOYEE2;
use sakila;

SELECT E1.EMPNAME AS EMPLOYEE1,E2.EMPNAME AS EMPLOYEE2,E1.LOCATION
FROM EMPLOYEE2 E1
INNER JOIN EMPLOYEE2 E2 ON E1.LOCATION=E2.LOCATION
AND E1.EMPID != E2.EMPID;






